{"cameraMode":{"drawMode":0,"name":"Shaded","section":"Shading Mode"},"sceneLighting":false,"audioPlay":false,"sceneViewState":{"m_AlwaysRefresh":false,"showFog":true,"showSkybox":false,"showFlares":true,"showImageEffects":true,"showParticleSystems":true,"showVisualEffectGraphs":true,"m_FxEnabled":true},"in2DMode":false,"pivot":{"x":32.09223556518555,"y":12.185806274414063,"z":-7.747472763061523},"rotation":{"x":0.003853311063721776,"y":0.9732317328453064,"z":-0.016361109912395479,"w":0.2292117178440094},"size":14.077601432800293,"orthographic":false}